<annotation>
	<folder>DATASET</folder>
	<filename>101.jpg</filename>
	<path>C:\Users\asus\Desktop\DATASET\101.jpg</path>
	<source>
		<database>Unknown</database>
	</source>
	<size>
		<width>224</width>
		<height>225</height>
		<depth>3</depth>
	</size>
	<segmented>0</segmented>
	<object>
		<name>defected</name>
		<pose>Unspecified</pose>
		<truncated>0</truncated>
		<difficult>0</difficult>
		<bndbox>
			<xmin>62</xmin>
			<ymin>66</ymin>
			<xmax>168</xmax>
			<ymax>171</ymax>
		</bndbox>
	</object>
</annotation>
