<annotation>
	<folder>DATASET</folder>
	<filename>102.jpg</filename>
	<path>C:\Users\asus\Desktop\DATASET\102.jpg</path>
	<source>
		<database>Unknown</database>
	</source>
	<size>
		<width>231</width>
		<height>218</height>
		<depth>3</depth>
	</size>
	<segmented>0</segmented>
	<object>
		<name>defected</name>
		<pose>Unspecified</pose>
		<truncated>0</truncated>
		<difficult>0</difficult>
		<bndbox>
			<xmin>105</xmin>
			<ymin>36</ymin>
			<xmax>193</xmax>
			<ymax>187</ymax>
		</bndbox>
	</object>
</annotation>
