<annotation>
	<folder>DATASET</folder>
	<filename>104.jpg</filename>
	<path>C:\Users\asus\Desktop\DATASET\104.jpg</path>
	<source>
		<database>Unknown</database>
	</source>
	<size>
		<width>275</width>
		<height>184</height>
		<depth>3</depth>
	</size>
	<segmented>0</segmented>
	<object>
		<name>defected</name>
		<pose>Unspecified</pose>
		<truncated>0</truncated>
		<difficult>0</difficult>
		<bndbox>
			<xmin>72</xmin>
			<ymin>60</ymin>
			<xmax>161</xmax>
			<ymax>162</ymax>
		</bndbox>
	</object>
</annotation>
