<annotation>
	<folder>DATASET</folder>
	<filename>107.jpg</filename>
	<path>C:\Users\asus\Desktop\DATASET\107.jpg</path>
	<source>
		<database>Unknown</database>
	</source>
	<size>
		<width>256</width>
		<height>197</height>
		<depth>3</depth>
	</size>
	<segmented>0</segmented>
	<object>
		<name>defected</name>
		<pose>Unspecified</pose>
		<truncated>0</truncated>
		<difficult>0</difficult>
		<bndbox>
			<xmin>87</xmin>
			<ymin>67</ymin>
			<xmax>215</xmax>
			<ymax>169</ymax>
		</bndbox>
	</object>
</annotation>
