<annotation>
	<folder>DATASET</folder>
	<filename>108.jpg</filename>
	<path>C:\Users\asus\Desktop\DATASET\108.jpg</path>
	<source>
		<database>Unknown</database>
	</source>
	<size>
		<width>1173</width>
		<height>1300</height>
		<depth>3</depth>
	</size>
	<segmented>0</segmented>
	<object>
		<name>fresh</name>
		<pose>Unspecified</pose>
		<truncated>0</truncated>
		<difficult>0</difficult>
		<bndbox>
			<xmin>176</xmin>
			<ymin>373</ymin>
			<xmax>1012</xmax>
			<ymax>1039</ymax>
		</bndbox>
	</object>
</annotation>
