<annotation>
	<folder>DATASET</folder>
	<filename>109.jpg</filename>
	<path>C:\Users\asus\Desktop\DATASET\109.jpg</path>
	<source>
		<database>Unknown</database>
	</source>
	<size>
		<width>450</width>
		<height>450</height>
		<depth>3</depth>
	</size>
	<segmented>0</segmented>
	<object>
		<name>fresh</name>
		<pose>Unspecified</pose>
		<truncated>0</truncated>
		<difficult>0</difficult>
		<bndbox>
			<xmin>74</xmin>
			<ymin>113</ymin>
			<xmax>346</xmax>
			<ymax>351</ymax>
		</bndbox>
	</object>
</annotation>
