<annotation>
	<folder>DATASET</folder>
	<filename>111.jpg</filename>
	<path>C:\Users\asus\Desktop\DATASET\111.jpg</path>
	<source>
		<database>Unknown</database>
	</source>
	<size>
		<width>1500</width>
		<height>1500</height>
		<depth>3</depth>
	</size>
	<segmented>0</segmented>
	<object>
		<name>fresh</name>
		<pose>Unspecified</pose>
		<truncated>0</truncated>
		<difficult>0</difficult>
		<bndbox>
			<xmin>198</xmin>
			<ymin>235</ymin>
			<xmax>1413</xmax>
			<ymax>1387</ymax>
		</bndbox>
	</object>
</annotation>
