<annotation>
	<folder>DATASET</folder>
	<filename>112.jpg</filename>
	<path>C:\Users\asus\Desktop\DATASET\112.jpg</path>
	<source>
		<database>Unknown</database>
	</source>
	<size>
		<width>951</width>
		<height>951</height>
		<depth>3</depth>
	</size>
	<segmented>0</segmented>
	<object>
		<name>fresh</name>
		<pose>Unspecified</pose>
		<truncated>0</truncated>
		<difficult>0</difficult>
		<bndbox>
			<xmin>171</xmin>
			<ymin>189</ymin>
			<xmax>810</xmax>
			<ymax>822</ymax>
		</bndbox>
	</object>
</annotation>
