<annotation>
	<folder>DATASET</folder>
	<filename>113.jpg</filename>
	<path>C:\Users\asus\Desktop\DATASET\113.jpg</path>
	<source>
		<database>Unknown</database>
	</source>
	<size>
		<width>500</width>
		<height>477</height>
		<depth>3</depth>
	</size>
	<segmented>0</segmented>
	<object>
		<name>defected</name>
		<pose>Unspecified</pose>
		<truncated>0</truncated>
		<difficult>0</difficult>
		<bndbox>
			<xmin>116</xmin>
			<ymin>258</ymin>
			<xmax>385</xmax>
			<ymax>385</ymax>
		</bndbox>
	</object>
</annotation>
