<annotation>
	<folder>DATASET</folder>
	<filename>114.jpg</filename>
	<path>C:\Users\asus\Desktop\DATASET\114.jpg</path>
	<source>
		<database>Unknown</database>
	</source>
	<size>
		<width>203</width>
		<height>248</height>
		<depth>3</depth>
	</size>
	<segmented>0</segmented>
	<object>
		<name>fresh</name>
		<pose>Unspecified</pose>
		<truncated>0</truncated>
		<difficult>0</difficult>
		<bndbox>
			<xmin>35</xmin>
			<ymin>75</ymin>
			<xmax>180</xmax>
			<ymax>223</ymax>
		</bndbox>
	</object>
</annotation>
