<annotation>
	<folder>DATASET</folder>
	<filename>119.jpg</filename>
	<path>C:\Users\asus\Desktop\DATASET\119.jpg</path>
	<source>
		<database>Unknown</database>
	</source>
	<size>
		<width>259</width>
		<height>194</height>
		<depth>3</depth>
	</size>
	<segmented>0</segmented>
	<object>
		<name>fresh</name>
		<pose>Unspecified</pose>
		<truncated>0</truncated>
		<difficult>0</difficult>
		<bndbox>
			<xmin>65</xmin>
			<ymin>50</ymin>
			<xmax>190</xmax>
			<ymax>154</ymax>
		</bndbox>
	</object>
</annotation>
