<annotation>
	<folder>DATASET</folder>
	<filename>123.jpg</filename>
	<path>C:\Users\asus\Desktop\DATASET\123.jpg</path>
	<source>
		<database>Unknown</database>
	</source>
	<size>
		<width>500</width>
		<height>500</height>
		<depth>3</depth>
	</size>
	<segmented>0</segmented>
	<object>
		<name>fresh</name>
		<pose>Unspecified</pose>
		<truncated>0</truncated>
		<difficult>0</difficult>
		<bndbox>
			<xmin>79</xmin>
			<ymin>107</ymin>
			<xmax>433</xmax>
			<ymax>421</ymax>
		</bndbox>
	</object>
</annotation>
