<annotation>
	<folder>DATASET</folder>
	<filename>125.jpg</filename>
	<path>C:\Users\asus\Desktop\DATASET\125.jpg</path>
	<source>
		<database>Unknown</database>
	</source>
	<size>
		<width>500</width>
		<height>500</height>
		<depth>3</depth>
	</size>
	<segmented>0</segmented>
	<object>
		<name>fresh</name>
		<pose>Unspecified</pose>
		<truncated>0</truncated>
		<difficult>0</difficult>
		<bndbox>
			<xmin>83</xmin>
			<ymin>96</ymin>
			<xmax>416</xmax>
			<ymax>473</ymax>
		</bndbox>
	</object>
</annotation>
