<annotation>
	<folder>DATASET</folder>
	<filename>126.jpg</filename>
	<path>C:\Users\asus\Desktop\DATASET\126.jpg</path>
	<source>
		<database>Unknown</database>
	</source>
	<size>
		<width>400</width>
		<height>400</height>
		<depth>3</depth>
	</size>
	<segmented>0</segmented>
	<object>
		<name>fresh</name>
		<pose>Unspecified</pose>
		<truncated>0</truncated>
		<difficult>0</difficult>
		<bndbox>
			<xmin>61</xmin>
			<ymin>58</ymin>
			<xmax>355</xmax>
			<ymax>360</ymax>
		</bndbox>
	</object>
</annotation>
