<annotation>
	<folder>DATASET</folder>
	<filename>127.jpg</filename>
	<path>C:\Users\asus\Desktop\DATASET\127.jpg</path>
	<source>
		<database>Unknown</database>
	</source>
	<size>
		<width>236</width>
		<height>213</height>
		<depth>3</depth>
	</size>
	<segmented>0</segmented>
	<object>
		<name>fresh</name>
		<pose>Unspecified</pose>
		<truncated>0</truncated>
		<difficult>0</difficult>
		<bndbox>
			<xmin>18</xmin>
			<ymin>29</ymin>
			<xmax>221</xmax>
			<ymax>198</ymax>
		</bndbox>
	</object>
</annotation>
