<annotation>
	<folder>DATASET</folder>
	<filename>128.jpg</filename>
	<path>C:\Users\asus\Desktop\DATASET\128.jpg</path>
	<source>
		<database>Unknown</database>
	</source>
	<size>
		<width>225</width>
		<height>225</height>
		<depth>3</depth>
	</size>
	<segmented>0</segmented>
	<object>
		<name>fresh</name>
		<pose>Unspecified</pose>
		<truncated>0</truncated>
		<difficult>0</difficult>
		<bndbox>
			<xmin>33</xmin>
			<ymin>34</ymin>
			<xmax>197</xmax>
			<ymax>200</ymax>
		</bndbox>
	</object>
</annotation>
