<annotation>
	<folder>DATASET</folder>
	<filename>131.jpg</filename>
	<path>C:\Users\asus\Desktop\DATASET\131.jpg</path>
	<source>
		<database>Unknown</database>
	</source>
	<size>
		<width>225</width>
		<height>225</height>
		<depth>3</depth>
	</size>
	<segmented>0</segmented>
	<object>
		<name>fresh</name>
		<pose>Unspecified</pose>
		<truncated>0</truncated>
		<difficult>0</difficult>
		<bndbox>
			<xmin>5</xmin>
			<ymin>33</ymin>
			<xmax>183</xmax>
			<ymax>193</ymax>
		</bndbox>
	</object>
</annotation>
