<annotation>
	<folder>DATASET</folder>
	<filename>135.jpg</filename>
	<path>C:\Users\asus\Desktop\DATASET\135.jpg</path>
	<source>
		<database>Unknown</database>
	</source>
	<size>
		<width>299</width>
		<height>168</height>
		<depth>3</depth>
	</size>
	<segmented>0</segmented>
	<object>
		<name>fresh</name>
		<pose>Unspecified</pose>
		<truncated>0</truncated>
		<difficult>0</difficult>
		<bndbox>
			<xmin>99</xmin>
			<ymin>32</ymin>
			<xmax>229</xmax>
			<ymax>142</ymax>
		</bndbox>
	</object>
</annotation>
