<annotation>
	<folder>DATASET</folder>
	<filename>142.jpg</filename>
	<path>C:\Users\asus\Desktop\DATASET\142.jpg</path>
	<source>
		<database>Unknown</database>
	</source>
	<size>
		<width>219</width>
		<height>187</height>
		<depth>3</depth>
	</size>
	<segmented>0</segmented>
	<object>
		<name>fresh</name>
		<pose>Unspecified</pose>
		<truncated>0</truncated>
		<difficult>0</difficult>
		<bndbox>
			<xmin>60</xmin>
			<ymin>53</ymin>
			<xmax>170</xmax>
			<ymax>153</ymax>
		</bndbox>
	</object>
</annotation>
