<annotation>
	<folder>DATASET</folder>
	<filename>143.jpg</filename>
	<path>C:\Users\asus\Desktop\DATASET\143.jpg</path>
	<source>
		<database>Unknown</database>
	</source>
	<size>
		<width>258</width>
		<height>195</height>
		<depth>3</depth>
	</size>
	<segmented>0</segmented>
	<object>
		<name>fresh</name>
		<pose>Unspecified</pose>
		<truncated>0</truncated>
		<difficult>0</difficult>
		<bndbox>
			<xmin>69</xmin>
			<ymin>57</ymin>
			<xmax>197</xmax>
			<ymax>168</ymax>
		</bndbox>
	</object>
</annotation>
