<annotation>
	<folder>DATASET</folder>
	<filename>147.jpg</filename>
	<path>C:\Users\asus\Desktop\DATASET\147.jpg</path>
	<source>
		<database>Unknown</database>
	</source>
	<size>
		<width>214</width>
		<height>235</height>
		<depth>3</depth>
	</size>
	<segmented>0</segmented>
	<object>
		<name>fresh</name>
		<pose>Unspecified</pose>
		<truncated>0</truncated>
		<difficult>0</difficult>
		<bndbox>
			<xmin>23</xmin>
			<ymin>58</ymin>
			<xmax>208</xmax>
			<ymax>225</ymax>
		</bndbox>
	</object>
</annotation>
