<annotation>
	<folder>DATASET</folder>
	<filename>15.jpg</filename>
	<path>C:\Users\asus\Desktop\DATASET\15.jpg</path>
	<source>
		<database>Unknown</database>
	</source>
	<size>
		<width>149</width>
		<height>144</height>
		<depth>3</depth>
	</size>
	<segmented>0</segmented>
	<object>
		<name>defected</name>
		<pose>Unspecified</pose>
		<truncated>0</truncated>
		<difficult>0</difficult>
		<bndbox>
			<xmin>18</xmin>
			<ymin>54</ymin>
			<xmax>97</xmax>
			<ymax>113</ymax>
		</bndbox>
	</object>
</annotation>
