<annotation>
	<folder>DATASET</folder>
	<filename>152.jpg</filename>
	<path>C:\Users\asus\Desktop\DATASET\152.jpg</path>
	<source>
		<database>Unknown</database>
	</source>
	<size>
		<width>225</width>
		<height>225</height>
		<depth>3</depth>
	</size>
	<segmented>0</segmented>
	<object>
		<name>fresh</name>
		<pose>Unspecified</pose>
		<truncated>0</truncated>
		<difficult>0</difficult>
		<bndbox>
			<xmin>14</xmin>
			<ymin>21</ymin>
			<xmax>221</xmax>
			<ymax>211</ymax>
		</bndbox>
	</object>
</annotation>
