<annotation>
	<folder>DATASET</folder>
	<filename>160.jpg</filename>
	<path>C:\Users\asus\Desktop\DATASET\160.jpg</path>
	<source>
		<database>Unknown</database>
	</source>
	<size>
		<width>225</width>
		<height>225</height>
		<depth>3</depth>
	</size>
	<segmented>0</segmented>
	<object>
		<name>fresh</name>
		<pose>Unspecified</pose>
		<truncated>0</truncated>
		<difficult>0</difficult>
		<bndbox>
			<xmin>46</xmin>
			<ymin>43</ymin>
			<xmax>179</xmax>
			<ymax>160</ymax>
		</bndbox>
	</object>
</annotation>
