<annotation>
	<folder>DATASET</folder>
	<filename>161.jpg</filename>
	<path>C:\Users\asus\Desktop\DATASET\161.jpg</path>
	<source>
		<database>Unknown</database>
	</source>
	<size>
		<width>225</width>
		<height>225</height>
		<depth>3</depth>
	</size>
	<segmented>0</segmented>
	<object>
		<name>fresh</name>
		<pose>Unspecified</pose>
		<truncated>0</truncated>
		<difficult>0</difficult>
		<bndbox>
			<xmin>41</xmin>
			<ymin>49</ymin>
			<xmax>182</xmax>
			<ymax>188</ymax>
		</bndbox>
	</object>
</annotation>
