<annotation>
	<folder>DATASET</folder>
	<filename>165.jpg</filename>
	<path>C:\Users\asus\Desktop\DATASET\165.jpg</path>
	<source>
		<database>Unknown</database>
	</source>
	<size>
		<width>247</width>
		<height>204</height>
		<depth>3</depth>
	</size>
	<segmented>0</segmented>
	<object>
		<name>fresh</name>
		<pose>Unspecified</pose>
		<truncated>0</truncated>
		<difficult>0</difficult>
		<bndbox>
			<xmin>32</xmin>
			<ymin>41</ymin>
			<xmax>209</xmax>
			<ymax>180</ymax>
		</bndbox>
	</object>
</annotation>
