<annotation>
	<folder>DATASET</folder>
	<filename>167.jpg</filename>
	<path>C:\Users\asus\Desktop\DATASET\167.jpg</path>
	<source>
		<database>Unknown</database>
	</source>
	<size>
		<width>225</width>
		<height>225</height>
		<depth>3</depth>
	</size>
	<segmented>0</segmented>
	<object>
		<name>fresh</name>
		<pose>Unspecified</pose>
		<truncated>0</truncated>
		<difficult>0</difficult>
		<bndbox>
			<xmin>32</xmin>
			<ymin>45</ymin>
			<xmax>187</xmax>
			<ymax>191</ymax>
		</bndbox>
	</object>
</annotation>
