<annotation>
	<folder>DATASET</folder>
	<filename>176.jpg</filename>
	<path>C:\Users\asus\Desktop\DATASET\176.jpg</path>
	<source>
		<database>Unknown</database>
	</source>
	<size>
		<width>254</width>
		<height>198</height>
		<depth>3</depth>
	</size>
	<segmented>0</segmented>
	<object>
		<name>fresh</name>
		<pose>Unspecified</pose>
		<truncated>0</truncated>
		<difficult>0</difficult>
		<bndbox>
			<xmin>66</xmin>
			<ymin>45</ymin>
			<xmax>194</xmax>
			<ymax>161</ymax>
		</bndbox>
	</object>
</annotation>
