<annotation>
	<folder>DATASET</folder>
	<filename>177.jpg</filename>
	<path>C:\Users\asus\Desktop\DATASET\177.jpg</path>
	<source>
		<database>Unknown</database>
	</source>
	<size>
		<width>225</width>
		<height>225</height>
		<depth>3</depth>
	</size>
	<segmented>0</segmented>
	<object>
		<name>fresh</name>
		<pose>Unspecified</pose>
		<truncated>0</truncated>
		<difficult>0</difficult>
		<bndbox>
			<xmin>34</xmin>
			<ymin>61</ymin>
			<xmax>190</xmax>
			<ymax>209</ymax>
		</bndbox>
	</object>
</annotation>
