<annotation>
	<folder>DATASET</folder>
	<filename>18.jpg</filename>
	<path>C:\Users\asus\Desktop\DATASET\18.jpg</path>
	<source>
		<database>Unknown</database>
	</source>
	<size>
		<width>232</width>
		<height>217</height>
		<depth>3</depth>
	</size>
	<segmented>0</segmented>
	<object>
		<name>defected</name>
		<pose>Unspecified</pose>
		<truncated>0</truncated>
		<difficult>0</difficult>
		<bndbox>
			<xmin>56</xmin>
			<ymin>44</ymin>
			<xmax>192</xmax>
			<ymax>184</ymax>
		</bndbox>
	</object>
</annotation>
