<annotation>
	<folder>DATASET</folder>
	<filename>181.jpg</filename>
	<path>C:\Users\asus\Desktop\DATASET\181.jpg</path>
	<source>
		<database>Unknown</database>
	</source>
	<size>
		<width>224</width>
		<height>224</height>
		<depth>3</depth>
	</size>
	<segmented>0</segmented>
	<object>
		<name>fresh</name>
		<pose>Unspecified</pose>
		<truncated>0</truncated>
		<difficult>0</difficult>
		<bndbox>
			<xmin>27</xmin>
			<ymin>45</ymin>
			<xmax>194</xmax>
			<ymax>211</ymax>
		</bndbox>
	</object>
</annotation>
