<annotation>
	<folder>DATASET</folder>
	<filename>182.jpg</filename>
	<path>C:\Users\asus\Desktop\DATASET\182.jpg</path>
	<source>
		<database>Unknown</database>
	</source>
	<size>
		<width>231</width>
		<height>218</height>
		<depth>3</depth>
	</size>
	<segmented>0</segmented>
	<object>
		<name>fresh</name>
		<pose>Unspecified</pose>
		<truncated>0</truncated>
		<difficult>0</difficult>
		<bndbox>
			<xmin>16</xmin>
			<ymin>16</ymin>
			<xmax>211</xmax>
			<ymax>197</ymax>
		</bndbox>
	</object>
</annotation>
