<annotation>
	<folder>DATASET</folder>
	<filename>183.jpg</filename>
	<path>C:\Users\asus\Desktop\DATASET\183.jpg</path>
	<source>
		<database>Unknown</database>
	</source>
	<size>
		<width>227</width>
		<height>222</height>
		<depth>3</depth>
	</size>
	<segmented>0</segmented>
	<object>
		<name>fresh</name>
		<pose>Unspecified</pose>
		<truncated>0</truncated>
		<difficult>0</difficult>
		<bndbox>
			<xmin>48</xmin>
			<ymin>50</ymin>
			<xmax>180</xmax>
			<ymax>177</ymax>
		</bndbox>
	</object>
</annotation>
