<annotation>
	<folder>DATASET</folder>
	<filename>187.jpg</filename>
	<path>C:\Users\asus\Desktop\DATASET\187.jpg</path>
	<source>
		<database>Unknown</database>
	</source>
	<size>
		<width>275</width>
		<height>183</height>
		<depth>3</depth>
	</size>
	<segmented>0</segmented>
	<object>
		<name>fresh</name>
		<pose>Unspecified</pose>
		<truncated>0</truncated>
		<difficult>0</difficult>
		<bndbox>
			<xmin>94</xmin>
			<ymin>40</ymin>
			<xmax>176</xmax>
			<ymax>118</ymax>
		</bndbox>
	</object>
</annotation>
