<annotation>
	<folder>DATASET</folder>
	<filename>188.jpg</filename>
	<path>C:\Users\asus\Desktop\DATASET\188.jpg</path>
	<source>
		<database>Unknown</database>
	</source>
	<size>
		<width>180</width>
		<height>180</height>
		<depth>3</depth>
	</size>
	<segmented>0</segmented>
	<object>
		<name>defected</name>
		<pose>Unspecified</pose>
		<truncated>0</truncated>
		<difficult>0</difficult>
		<bndbox>
			<xmin>27</xmin>
			<ymin>24</ymin>
			<xmax>164</xmax>
			<ymax>149</ymax>
		</bndbox>
	</object>
</annotation>
