<annotation>
	<folder>DATASET</folder>
	<filename>19.jpg</filename>
	<path>C:\Users\asus\Desktop\DATASET\19.jpg</path>
	<source>
		<database>Unknown</database>
	</source>
	<size>
		<width>223</width>
		<height>207</height>
		<depth>3</depth>
	</size>
	<segmented>0</segmented>
	<object>
		<name>defected</name>
		<pose>Unspecified</pose>
		<truncated>0</truncated>
		<difficult>0</difficult>
		<bndbox>
			<xmin>32</xmin>
			<ymin>72</ymin>
			<xmax>158</xmax>
			<ymax>181</ymax>
		</bndbox>
	</object>
</annotation>
