<annotation>
	<folder>DATASET</folder>
	<filename>191.jpg</filename>
	<path>C:\Users\asus\Desktop\DATASET\191.jpg</path>
	<source>
		<database>Unknown</database>
	</source>
	<size>
		<width>225</width>
		<height>225</height>
		<depth>3</depth>
	</size>
	<segmented>0</segmented>
	<object>
		<name>fresh</name>
		<pose>Unspecified</pose>
		<truncated>0</truncated>
		<difficult>0</difficult>
		<bndbox>
			<xmin>55</xmin>
			<ymin>55</ymin>
			<xmax>179</xmax>
			<ymax>170</ymax>
		</bndbox>
	</object>
</annotation>
