<annotation>
	<folder>DATASET</folder>
	<filename>193.jpg</filename>
	<path>C:\Users\asus\Desktop\DATASET\193.jpg</path>
	<source>
		<database>Unknown</database>
	</source>
	<size>
		<width>253</width>
		<height>199</height>
		<depth>3</depth>
	</size>
	<segmented>0</segmented>
	<object>
		<name>fresh</name>
		<pose>Unspecified</pose>
		<truncated>0</truncated>
		<difficult>0</difficult>
		<bndbox>
			<xmin>44</xmin>
			<ymin>34</ymin>
			<xmax>185</xmax>
			<ymax>162</ymax>
		</bndbox>
	</object>
</annotation>
