<annotation>
	<folder>DATASET</folder>
	<filename>194.jpg</filename>
	<path>C:\Users\asus\Desktop\DATASET\194.jpg</path>
	<source>
		<database>Unknown</database>
	</source>
	<size>
		<width>223</width>
		<height>226</height>
		<depth>3</depth>
	</size>
	<segmented>0</segmented>
	<object>
		<name>fresh</name>
		<pose>Unspecified</pose>
		<truncated>0</truncated>
		<difficult>0</difficult>
		<bndbox>
			<xmin>37</xmin>
			<ymin>55</ymin>
			<xmax>185</xmax>
			<ymax>195</ymax>
		</bndbox>
	</object>
</annotation>
