<annotation>
	<folder>DATASET</folder>
	<filename>199.jpg</filename>
	<path>C:\Users\asus\Desktop\DATASET\199.jpg</path>
	<source>
		<database>Unknown</database>
	</source>
	<size>
		<width>275</width>
		<height>183</height>
		<depth>3</depth>
	</size>
	<segmented>0</segmented>
	<object>
		<name>fresh</name>
		<pose>Unspecified</pose>
		<truncated>0</truncated>
		<difficult>0</difficult>
		<bndbox>
			<xmin>69</xmin>
			<ymin>38</ymin>
			<xmax>203</xmax>
			<ymax>171</ymax>
		</bndbox>
	</object>
</annotation>
