<annotation>
	<folder>DATASET</folder>
	<filename>20.jpg</filename>
	<path>C:\Users\asus\Desktop\DATASET\20.jpg</path>
	<source>
		<database>Unknown</database>
	</source>
	<size>
		<width>220</width>
		<height>229</height>
		<depth>3</depth>
	</size>
	<segmented>0</segmented>
	<object>
		<name>fresh</name>
		<pose>Unspecified</pose>
		<truncated>0</truncated>
		<difficult>0</difficult>
		<bndbox>
			<xmin>31</xmin>
			<ymin>50</ymin>
			<xmax>199</xmax>
			<ymax>165</ymax>
		</bndbox>
	</object>
</annotation>
