<annotation>
	<folder>DATASET</folder>
	<filename>202.jpg</filename>
	<path>C:\Users\asus\Desktop\DATASET\202.jpg</path>
	<source>
		<database>Unknown</database>
	</source>
	<size>
		<width>243</width>
		<height>207</height>
		<depth>3</depth>
	</size>
	<segmented>0</segmented>
	<object>
		<name>fresh</name>
		<pose>Unspecified</pose>
		<truncated>0</truncated>
		<difficult>0</difficult>
		<bndbox>
			<xmin>62</xmin>
			<ymin>59</ymin>
			<xmax>190</xmax>
			<ymax>173</ymax>
		</bndbox>
	</object>
</annotation>
