<annotation>
	<folder>DATASET</folder>
	<filename>206.jpg</filename>
	<path>C:\Users\asus\Desktop\DATASET\206.jpg</path>
	<source>
		<database>Unknown</database>
	</source>
	<size>
		<width>225</width>
		<height>225</height>
		<depth>3</depth>
	</size>
	<segmented>0</segmented>
	<object>
		<name>fresh</name>
		<pose>Unspecified</pose>
		<truncated>0</truncated>
		<difficult>0</difficult>
		<bndbox>
			<xmin>67</xmin>
			<ymin>64</ymin>
			<xmax>165</xmax>
			<ymax>172</ymax>
		</bndbox>
	</object>
</annotation>
