<annotation>
	<folder>DATASET</folder>
	<filename>21.jpg</filename>
	<path>C:\Users\asus\Desktop\DATASET\21.jpg</path>
	<source>
		<database>Unknown</database>
	</source>
	<size>
		<width>194</width>
		<height>259</height>
		<depth>3</depth>
	</size>
	<segmented>0</segmented>
	<object>
		<name>defected</name>
		<pose>Unspecified</pose>
		<truncated>0</truncated>
		<difficult>0</difficult>
		<bndbox>
			<xmin>40</xmin>
			<ymin>92</ymin>
			<xmax>161</xmax>
			<ymax>204</ymax>
		</bndbox>
	</object>
</annotation>
