<annotation>
	<folder>DATASET</folder>
	<filename>211.jpg</filename>
	<path>C:\Users\asus\Desktop\DATASET\211.jpg</path>
	<source>
		<database>Unknown</database>
	</source>
	<size>
		<width>216</width>
		<height>233</height>
		<depth>3</depth>
	</size>
	<segmented>0</segmented>
	<object>
		<name>fresh</name>
		<pose>Unspecified</pose>
		<truncated>0</truncated>
		<difficult>0</difficult>
		<bndbox>
			<xmin>27</xmin>
			<ymin>57</ymin>
			<xmax>186</xmax>
			<ymax>174</ymax>
		</bndbox>
	</object>
</annotation>
