<annotation>
	<folder>DATASET</folder>
	<filename>212.jpg</filename>
	<path>C:\Users\asus\Desktop\DATASET\212.jpg</path>
	<source>
		<database>Unknown</database>
	</source>
	<size>
		<width>209</width>
		<height>241</height>
		<depth>3</depth>
	</size>
	<segmented>0</segmented>
	<object>
		<name>fresh</name>
		<pose>Unspecified</pose>
		<truncated>0</truncated>
		<difficult>0</difficult>
		<bndbox>
			<xmin>7</xmin>
			<ymin>47</ymin>
			<xmax>205</xmax>
			<ymax>223</ymax>
		</bndbox>
	</object>
</annotation>
