<annotation>
	<folder>DATASET</folder>
	<filename>213.jpg</filename>
	<path>C:\Users\asus\Desktop\DATASET\213.jpg</path>
	<source>
		<database>Unknown</database>
	</source>
	<size>
		<width>243</width>
		<height>207</height>
		<depth>3</depth>
	</size>
	<segmented>0</segmented>
	<object>
		<name>fresh</name>
		<pose>Unspecified</pose>
		<truncated>0</truncated>
		<difficult>0</difficult>
		<bndbox>
			<xmin>36</xmin>
			<ymin>38</ymin>
			<xmax>204</xmax>
			<ymax>176</ymax>
		</bndbox>
	</object>
</annotation>
