<annotation>
	<folder>DATASET</folder>
	<filename>22.jpg</filename>
	<path>C:\Users\asus\Desktop\DATASET\22.jpg</path>
	<source>
		<database>Unknown</database>
	</source>
	<size>
		<width>237</width>
		<height>212</height>
		<depth>3</depth>
	</size>
	<segmented>0</segmented>
	<object>
		<name>fresh</name>
		<pose>Unspecified</pose>
		<truncated>0</truncated>
		<difficult>0</difficult>
		<bndbox>
			<xmin>68</xmin>
			<ymin>43</ymin>
			<xmax>170</xmax>
			<ymax>147</ymax>
		</bndbox>
	</object>
</annotation>
