<annotation>
	<folder>DATASET</folder>
	<filename>229.jpg</filename>
	<path>C:\Users\asus\Desktop\DATASET\229.jpg</path>
	<source>
		<database>Unknown</database>
	</source>
	<size>
		<width>276</width>
		<height>183</height>
		<depth>3</depth>
	</size>
	<segmented>0</segmented>
	<object>
		<name>fresh</name>
		<pose>Unspecified</pose>
		<truncated>0</truncated>
		<difficult>0</difficult>
		<bndbox>
			<xmin>76</xmin>
			<ymin>39</ymin>
			<xmax>205</xmax>
			<ymax>164</ymax>
		</bndbox>
	</object>
</annotation>
