<annotation>
	<folder>DATASET</folder>
	<filename>23.jpg</filename>
	<path>C:\Users\asus\Desktop\DATASET\23.jpg</path>
	<source>
		<database>Unknown</database>
	</source>
	<size>
		<width>223</width>
		<height>223</height>
		<depth>3</depth>
	</size>
	<segmented>0</segmented>
	<object>
		<name>defected</name>
		<pose>Unspecified</pose>
		<truncated>0</truncated>
		<difficult>0</difficult>
		<bndbox>
			<xmin>39</xmin>
			<ymin>64</ymin>
			<xmax>191</xmax>
			<ymax>196</ymax>
		</bndbox>
	</object>
</annotation>
