<annotation>
	<folder>DATASET</folder>
	<filename>230.jpg</filename>
	<path>C:\Users\asus\Desktop\DATASET\230.jpg</path>
	<source>
		<database>Unknown</database>
	</source>
	<size>
		<width>291</width>
		<height>173</height>
		<depth>3</depth>
	</size>
	<segmented>0</segmented>
	<object>
		<name>fresh</name>
		<pose>Unspecified</pose>
		<truncated>0</truncated>
		<difficult>0</difficult>
		<bndbox>
			<xmin>94</xmin>
			<ymin>31</ymin>
			<xmax>215</xmax>
			<ymax>148</ymax>
		</bndbox>
	</object>
</annotation>
