<annotation>
	<folder>DATASET</folder>
	<filename>232.jpg</filename>
	<path>C:\Users\asus\Desktop\DATASET\232.jpg</path>
	<source>
		<database>Unknown</database>
	</source>
	<size>
		<width>1200</width>
		<height>1200</height>
		<depth>3</depth>
	</size>
	<segmented>0</segmented>
	<object>
		<name>fresh</name>
		<pose>Unspecified</pose>
		<truncated>0</truncated>
		<difficult>0</difficult>
		<bndbox>
			<xmin>307</xmin>
			<ymin>302</ymin>
			<xmax>930</xmax>
			<ymax>957</ymax>
		</bndbox>
	</object>
</annotation>
