<annotation>
	<folder>DATASET</folder>
	<filename>24.jpg</filename>
	<path>C:\Users\asus\Desktop\DATASET\24.jpg</path>
	<source>
		<database>Unknown</database>
	</source>
	<size>
		<width>228</width>
		<height>221</height>
		<depth>3</depth>
	</size>
	<segmented>0</segmented>
	<object>
		<name>defected</name>
		<pose>Unspecified</pose>
		<truncated>0</truncated>
		<difficult>0</difficult>
		<bndbox>
			<xmin>42</xmin>
			<ymin>58</ymin>
			<xmax>183</xmax>
			<ymax>160</ymax>
		</bndbox>
	</object>
</annotation>
