<annotation>
	<folder>DATASET</folder>
	<filename>26.jpg</filename>
	<path>C:\Users\asus\Desktop\DATASET\26.jpg</path>
	<source>
		<database>Unknown</database>
	</source>
	<size>
		<width>240</width>
		<height>210</height>
		<depth>3</depth>
	</size>
	<segmented>0</segmented>
	<object>
		<name>defected</name>
		<pose>Unspecified</pose>
		<truncated>0</truncated>
		<difficult>0</difficult>
		<bndbox>
			<xmin>44</xmin>
			<ymin>41</ymin>
			<xmax>211</xmax>
			<ymax>184</ymax>
		</bndbox>
	</object>
</annotation>
