<annotation>
	<folder>DATASET</folder>
	<filename>27.jpg</filename>
	<path>C:\Users\asus\Desktop\DATASET\27.jpg</path>
	<source>
		<database>Unknown</database>
	</source>
	<size>
		<width>230</width>
		<height>219</height>
		<depth>3</depth>
	</size>
	<segmented>0</segmented>
	<object>
		<name>defected</name>
		<pose>Unspecified</pose>
		<truncated>0</truncated>
		<difficult>0</difficult>
		<bndbox>
			<xmin>32</xmin>
			<ymin>23</ymin>
			<xmax>187</xmax>
			<ymax>170</ymax>
		</bndbox>
	</object>
</annotation>
