<annotation>
	<folder>DATASET</folder>
	<filename>29.jpg</filename>
	<path>C:\Users\asus\Desktop\DATASET\29.jpg</path>
	<source>
		<database>Unknown</database>
	</source>
	<size>
		<width>200</width>
		<height>182</height>
		<depth>3</depth>
	</size>
	<segmented>0</segmented>
	<object>
		<name>defected</name>
		<pose>Unspecified</pose>
		<truncated>0</truncated>
		<difficult>0</difficult>
		<bndbox>
			<xmin>37</xmin>
			<ymin>51</ymin>
			<xmax>173</xmax>
			<ymax>152</ymax>
		</bndbox>
	</object>
</annotation>
