<annotation>
	<folder>DATASET</folder>
	<filename>31.jpg</filename>
	<path>C:\Users\asus\Desktop\DATASET\31.jpg</path>
	<source>
		<database>Unknown</database>
	</source>
	<size>
		<width>237</width>
		<height>212</height>
		<depth>3</depth>
	</size>
	<segmented>0</segmented>
	<object>
		<name>defected</name>
		<pose>Unspecified</pose>
		<truncated>0</truncated>
		<difficult>0</difficult>
		<bndbox>
			<xmin>39</xmin>
			<ymin>15</ymin>
			<xmax>213</xmax>
			<ymax>179</ymax>
		</bndbox>
	</object>
</annotation>
