<annotation>
	<folder>DATASET</folder>
	<filename>32.jpg</filename>
	<path>C:\Users\asus\Desktop\DATASET\32.jpg</path>
	<source>
		<database>Unknown</database>
	</source>
	<size>
		<width>252</width>
		<height>200</height>
		<depth>3</depth>
	</size>
	<segmented>0</segmented>
	<object>
		<name>defected</name>
		<pose>Unspecified</pose>
		<truncated>0</truncated>
		<difficult>0</difficult>
		<bndbox>
			<xmin>50</xmin>
			<ymin>23</ymin>
			<xmax>219</xmax>
			<ymax>176</ymax>
		</bndbox>
	</object>
</annotation>
