<annotation>
	<folder>DATASET</folder>
	<filename>35.jpg</filename>
	<path>C:\Users\asus\Desktop\DATASET\35.jpg</path>
	<source>
		<database>Unknown</database>
	</source>
	<size>
		<width>272</width>
		<height>186</height>
		<depth>3</depth>
	</size>
	<segmented>0</segmented>
	<object>
		<name>defected</name>
		<pose>Unspecified</pose>
		<truncated>0</truncated>
		<difficult>0</difficult>
		<bndbox>
			<xmin>55</xmin>
			<ymin>11</ymin>
			<xmax>234</xmax>
			<ymax>168</ymax>
		</bndbox>
	</object>
</annotation>
