<annotation>
	<folder>DATASET</folder>
	<filename>36.jpg</filename>
	<path>C:\Users\asus\Desktop\DATASET\36.jpg</path>
	<source>
		<database>Unknown</database>
	</source>
	<size>
		<width>300</width>
		<height>168</height>
		<depth>3</depth>
	</size>
	<segmented>0</segmented>
	<object>
		<name>defected</name>
		<pose>Unspecified</pose>
		<truncated>0</truncated>
		<difficult>0</difficult>
		<bndbox>
			<xmin>88</xmin>
			<ymin>40</ymin>
			<xmax>197</xmax>
			<ymax>144</ymax>
		</bndbox>
	</object>
</annotation>
