<annotation>
	<folder>DATASET</folder>
	<filename>37.jpg</filename>
	<path>C:\Users\asus\Desktop\DATASET\37.jpg</path>
	<source>
		<database>Unknown</database>
	</source>
	<size>
		<width>235</width>
		<height>214</height>
		<depth>3</depth>
	</size>
	<segmented>0</segmented>
	<object>
		<name>defected</name>
		<pose>Unspecified</pose>
		<truncated>0</truncated>
		<difficult>0</difficult>
		<bndbox>
			<xmin>10</xmin>
			<ymin>25</ymin>
			<xmax>224</xmax>
			<ymax>184</ymax>
		</bndbox>
	</object>
</annotation>
