<annotation>
	<folder>DATASET</folder>
	<filename>38.jpg</filename>
	<path>C:\Users\asus\Desktop\DATASET\38.jpg</path>
	<source>
		<database>Unknown</database>
	</source>
	<size>
		<width>219</width>
		<height>230</height>
		<depth>3</depth>
	</size>
	<segmented>0</segmented>
	<object>
		<name>defected</name>
		<pose>Unspecified</pose>
		<truncated>0</truncated>
		<difficult>0</difficult>
		<bndbox>
			<xmin>33</xmin>
			<ymin>43</ymin>
			<xmax>202</xmax>
			<ymax>213</ymax>
		</bndbox>
	</object>
</annotation>
