<annotation>
	<folder>DATASET</folder>
	<filename>40.jpg</filename>
	<path>C:\Users\asus\Desktop\DATASET\40.jpg</path>
	<source>
		<database>Unknown</database>
	</source>
	<size>
		<width>275</width>
		<height>183</height>
		<depth>3</depth>
	</size>
	<segmented>0</segmented>
	<object>
		<name>fresh</name>
		<pose>Unspecified</pose>
		<truncated>0</truncated>
		<difficult>0</difficult>
		<bndbox>
			<xmin>86</xmin>
			<ymin>35</ymin>
			<xmax>196</xmax>
			<ymax>136</ymax>
		</bndbox>
	</object>
</annotation>
