<annotation>
	<folder>DATASET</folder>
	<filename>41.jpg</filename>
	<path>C:\Users\asus\Desktop\DATASET\41.jpg</path>
	<source>
		<database>Unknown</database>
	</source>
	<size>
		<width>256</width>
		<height>197</height>
		<depth>3</depth>
	</size>
	<segmented>0</segmented>
	<object>
		<name>defected</name>
		<pose>Unspecified</pose>
		<truncated>0</truncated>
		<difficult>0</difficult>
		<bndbox>
			<xmin>61</xmin>
			<ymin>23</ymin>
			<xmax>196</xmax>
			<ymax>153</ymax>
		</bndbox>
	</object>
</annotation>
