<annotation>
	<folder>DATASET</folder>
	<filename>43.jpg</filename>
	<path>C:\Users\asus\Desktop\DATASET\43.jpg</path>
	<source>
		<database>Unknown</database>
	</source>
	<size>
		<width>238</width>
		<height>212</height>
		<depth>3</depth>
	</size>
	<segmented>0</segmented>
	<object>
		<name>defected</name>
		<pose>Unspecified</pose>
		<truncated>0</truncated>
		<difficult>0</difficult>
		<bndbox>
			<xmin>23</xmin>
			<ymin>70</ymin>
			<xmax>215</xmax>
			<ymax>201</ymax>
		</bndbox>
	</object>
</annotation>
