<annotation>
	<folder>DATASET</folder>
	<filename>45.jpg</filename>
	<path>C:\Users\asus\Desktop\DATASET\45.jpg</path>
	<source>
		<database>Unknown</database>
	</source>
	<size>
		<width>279</width>
		<height>181</height>
		<depth>3</depth>
	</size>
	<segmented>0</segmented>
	<object>
		<name>defected</name>
		<pose>Unspecified</pose>
		<truncated>0</truncated>
		<difficult>0</difficult>
		<bndbox>
			<xmin>63</xmin>
			<ymin>35</ymin>
			<xmax>192</xmax>
			<ymax>154</ymax>
		</bndbox>
	</object>
</annotation>
