<annotation>
	<folder>DATASET</folder>
	<filename>46.jpg</filename>
	<path>C:\Users\asus\Desktop\DATASET\46.jpg</path>
	<source>
		<database>Unknown</database>
	</source>
	<size>
		<width>259</width>
		<height>194</height>
		<depth>3</depth>
	</size>
	<segmented>0</segmented>
	<object>
		<name>fresh</name>
		<pose>Unspecified</pose>
		<truncated>0</truncated>
		<difficult>0</difficult>
		<bndbox>
			<xmin>39</xmin>
			<ymin>15</ymin>
			<xmax>194</xmax>
			<ymax>143</ymax>
		</bndbox>
	</object>
</annotation>
