<annotation>
	<folder>DATASET</folder>
	<filename>48.jpg</filename>
	<path>C:\Users\asus\Desktop\DATASET\48.jpg</path>
	<source>
		<database>Unknown</database>
	</source>
	<size>
		<width>227</width>
		<height>222</height>
		<depth>3</depth>
	</size>
	<segmented>0</segmented>
	<object>
		<name>defected</name>
		<pose>Unspecified</pose>
		<truncated>0</truncated>
		<difficult>0</difficult>
		<bndbox>
			<xmin>34</xmin>
			<ymin>36</ymin>
			<xmax>186</xmax>
			<ymax>188</ymax>
		</bndbox>
	</object>
</annotation>
