<annotation>
	<folder>DATASET</folder>
	<filename>49.jpg</filename>
	<path>C:\Users\asus\Desktop\DATASET\49.jpg</path>
	<source>
		<database>Unknown</database>
	</source>
	<size>
		<width>223</width>
		<height>207</height>
		<depth>3</depth>
	</size>
	<segmented>0</segmented>
	<object>
		<name>defected</name>
		<pose>Unspecified</pose>
		<truncated>0</truncated>
		<difficult>0</difficult>
		<bndbox>
			<xmin>28</xmin>
			<ymin>49</ymin>
			<xmax>156</xmax>
			<ymax>177</ymax>
		</bndbox>
	</object>
</annotation>
