<annotation>
	<folder>DATASET</folder>
	<filename>5.jpg</filename>
	<path>C:\Users\asus\Desktop\DATASET\5.jpg</path>
	<source>
		<database>Unknown</database>
	</source>
	<size>
		<width>284</width>
		<height>177</height>
		<depth>3</depth>
	</size>
	<segmented>0</segmented>
	<object>
		<name>defected</name>
		<pose>Unspecified</pose>
		<truncated>0</truncated>
		<difficult>0</difficult>
		<bndbox>
			<xmin>72</xmin>
			<ymin>13</ymin>
			<xmax>208</xmax>
			<ymax>149</ymax>
		</bndbox>
	</object>
</annotation>
