<annotation>
	<folder>DATASET</folder>
	<filename>50.jpg</filename>
	<path>C:\Users\asus\Desktop\DATASET\50.jpg</path>
	<source>
		<database>Unknown</database>
	</source>
	<size>
		<width>239</width>
		<height>211</height>
		<depth>3</depth>
	</size>
	<segmented>0</segmented>
	<object>
		<name>defected</name>
		<pose>Unspecified</pose>
		<truncated>0</truncated>
		<difficult>0</difficult>
		<bndbox>
			<xmin>79</xmin>
			<ymin>20</ymin>
			<xmax>199</xmax>
			<ymax>140</ymax>
		</bndbox>
	</object>
</annotation>
