<annotation>
	<folder>DATASET</folder>
	<filename>52.jpg</filename>
	<path>C:\Users\asus\Desktop\DATASET\52.jpg</path>
	<source>
		<database>Unknown</database>
	</source>
	<size>
		<width>195</width>
		<height>259</height>
		<depth>3</depth>
	</size>
	<segmented>0</segmented>
	<object>
		<name>defected</name>
		<pose>Unspecified</pose>
		<truncated>0</truncated>
		<difficult>0</difficult>
		<bndbox>
			<xmin>40</xmin>
			<ymin>72</ymin>
			<xmax>151</xmax>
			<ymax>183</ymax>
		</bndbox>
	</object>
</annotation>
