<annotation>
	<folder>DATASET</folder>
	<filename>54.jpg</filename>
	<path>C:\Users\asus\Desktop\DATASET\54.jpg</path>
	<source>
		<database>Unknown</database>
	</source>
	<size>
		<width>237</width>
		<height>213</height>
		<depth>3</depth>
	</size>
	<segmented>0</segmented>
	<object>
		<name>defected</name>
		<pose>Unspecified</pose>
		<truncated>0</truncated>
		<difficult>0</difficult>
		<bndbox>
			<xmin>47</xmin>
			<ymin>19</ymin>
			<xmax>205</xmax>
			<ymax>177</ymax>
		</bndbox>
	</object>
</annotation>
