<annotation>
	<folder>DATASET</folder>
	<filename>57.jpg</filename>
	<path>C:\Users\asus\Desktop\DATASET\57.jpg</path>
	<source>
		<database>Unknown</database>
	</source>
	<size>
		<width>251</width>
		<height>201</height>
		<depth>3</depth>
	</size>
	<segmented>0</segmented>
	<object>
		<name>defected</name>
		<pose>Unspecified</pose>
		<truncated>0</truncated>
		<difficult>0</difficult>
		<bndbox>
			<xmin>22</xmin>
			<ymin>15</ymin>
			<xmax>239</xmax>
			<ymax>100</ymax>
		</bndbox>
	</object>
</annotation>
