<annotation>
	<folder>DATASET</folder>
	<filename>59.jpg</filename>
	<path>C:\Users\asus\Desktop\DATASET\59.jpg</path>
	<source>
		<database>Unknown</database>
	</source>
	<size>
		<width>276</width>
		<height>183</height>
		<depth>3</depth>
	</size>
	<segmented>0</segmented>
	<object>
		<name>defected</name>
		<pose>Unspecified</pose>
		<truncated>0</truncated>
		<difficult>0</difficult>
		<bndbox>
			<xmin>48</xmin>
			<ymin>14</ymin>
			<xmax>219</xmax>
			<ymax>173</ymax>
		</bndbox>
	</object>
</annotation>
