<annotation>
	<folder>DATASET</folder>
	<filename>62.jpg</filename>
	<path>C:\Users\asus\Desktop\DATASET\62.jpg</path>
	<source>
		<database>Unknown</database>
	</source>
	<size>
		<width>242</width>
		<height>208</height>
		<depth>3</depth>
	</size>
	<segmented>0</segmented>
	<object>
		<name>defected</name>
		<pose>Unspecified</pose>
		<truncated>0</truncated>
		<difficult>0</difficult>
		<bndbox>
			<xmin>44</xmin>
			<ymin>57</ymin>
			<xmax>190</xmax>
			<ymax>185</ymax>
		</bndbox>
	</object>
</annotation>
