<annotation>
	<folder>DATASET</folder>
	<filename>63.jpg</filename>
	<path>C:\Users\asus\Desktop\DATASET\63.jpg</path>
	<source>
		<database>Unknown</database>
	</source>
	<size>
		<width>247</width>
		<height>204</height>
		<depth>3</depth>
	</size>
	<segmented>0</segmented>
	<object>
		<name>defected</name>
		<pose>Unspecified</pose>
		<truncated>0</truncated>
		<difficult>0</difficult>
		<bndbox>
			<xmin>26</xmin>
			<ymin>12</ymin>
			<xmax>220</xmax>
			<ymax>184</ymax>
		</bndbox>
	</object>
</annotation>
