<annotation>
	<folder>DATASET</folder>
	<filename>64.jpg</filename>
	<path>C:\Users\asus\Desktop\DATASET\64.jpg</path>
	<source>
		<database>Unknown</database>
	</source>
	<size>
		<width>218</width>
		<height>231</height>
		<depth>3</depth>
	</size>
	<segmented>0</segmented>
	<object>
		<name>defected</name>
		<pose>Unspecified</pose>
		<truncated>0</truncated>
		<difficult>0</difficult>
		<bndbox>
			<xmin>84</xmin>
			<ymin>39</ymin>
			<xmax>217</xmax>
			<ymax>215</ymax>
		</bndbox>
	</object>
</annotation>
