<annotation>
	<folder>DATASET</folder>
	<filename>65.jpg</filename>
	<path>C:\Users\asus\Desktop\DATASET\65.jpg</path>
	<source>
		<database>Unknown</database>
	</source>
	<size>
		<width>174</width>
		<height>290</height>
		<depth>3</depth>
	</size>
	<segmented>0</segmented>
	<object>
		<name>defected</name>
		<pose>Unspecified</pose>
		<truncated>1</truncated>
		<difficult>0</difficult>
		<bndbox>
			<xmin>5</xmin>
			<ymin>62</ymin>
			<xmax>174</xmax>
			<ymax>254</ymax>
		</bndbox>
	</object>
</annotation>
