<annotation>
	<folder>DATASET</folder>
	<filename>67.jpg</filename>
	<path>C:\Users\asus\Desktop\DATASET\67.jpg</path>
	<source>
		<database>Unknown</database>
	</source>
	<size>
		<width>265</width>
		<height>190</height>
		<depth>3</depth>
	</size>
	<segmented>0</segmented>
	<object>
		<name>defected</name>
		<pose>Unspecified</pose>
		<truncated>0</truncated>
		<difficult>0</difficult>
		<bndbox>
			<xmin>96</xmin>
			<ymin>62</ymin>
			<xmax>210</xmax>
			<ymax>169</ymax>
		</bndbox>
	</object>
</annotation>
