<annotation>
	<folder>DATASET</folder>
	<filename>68.jpg</filename>
	<path>C:\Users\asus\Desktop\DATASET\68.jpg</path>
	<source>
		<database>Unknown</database>
	</source>
	<size>
		<width>226</width>
		<height>223</height>
		<depth>3</depth>
	</size>
	<segmented>0</segmented>
	<object>
		<name>defected</name>
		<pose>Unspecified</pose>
		<truncated>0</truncated>
		<difficult>0</difficult>
		<bndbox>
			<xmin>20</xmin>
			<ymin>54</ymin>
			<xmax>153</xmax>
			<ymax>174</ymax>
		</bndbox>
	</object>
</annotation>
