<annotation>
	<folder>DATASET</folder>
	<filename>7.jpg</filename>
	<path>C:\Users\asus\Desktop\DATASET\7.jpg</path>
	<source>
		<database>Unknown</database>
	</source>
	<size>
		<width>256</width>
		<height>197</height>
		<depth>3</depth>
	</size>
	<segmented>0</segmented>
	<object>
		<name>defected</name>
		<pose>Unspecified</pose>
		<truncated>0</truncated>
		<difficult>0</difficult>
		<bndbox>
			<xmin>65</xmin>
			<ymin>35</ymin>
			<xmax>198</xmax>
			<ymax>154</ymax>
		</bndbox>
	</object>
</annotation>
