<annotation>
	<folder>DATASET</folder>
	<filename>71.jpg</filename>
	<path>C:\Users\asus\Desktop\DATASET\71.jpg</path>
	<source>
		<database>Unknown</database>
	</source>
	<size>
		<width>284</width>
		<height>177</height>
		<depth>3</depth>
	</size>
	<segmented>0</segmented>
	<object>
		<name>defected</name>
		<pose>Unspecified</pose>
		<truncated>0</truncated>
		<difficult>0</difficult>
		<bndbox>
			<xmin>54</xmin>
			<ymin>7</ymin>
			<xmax>231</xmax>
			<ymax>160</ymax>
		</bndbox>
	</object>
</annotation>
