<annotation>
	<folder>DATASET</folder>
	<filename>72.jpg</filename>
	<path>C:\Users\asus\Desktop\DATASET\72.jpg</path>
	<source>
		<database>Unknown</database>
	</source>
	<size>
		<width>224</width>
		<height>224</height>
		<depth>3</depth>
	</size>
	<segmented>0</segmented>
	<object>
		<name>defected</name>
		<pose>Unspecified</pose>
		<truncated>0</truncated>
		<difficult>0</difficult>
		<bndbox>
			<xmin>35</xmin>
			<ymin>71</ymin>
			<xmax>192</xmax>
			<ymax>202</ymax>
		</bndbox>
	</object>
</annotation>
