<annotation>
	<folder>DATASET</folder>
	<filename>74.jpg</filename>
	<path>C:\Users\asus\Desktop\DATASET\74.jpg</path>
	<source>
		<database>Unknown</database>
	</source>
	<size>
		<width>171</width>
		<height>192</height>
		<depth>3</depth>
	</size>
	<segmented>0</segmented>
	<object>
		<name>defected</name>
		<pose>Unspecified</pose>
		<truncated>0</truncated>
		<difficult>0</difficult>
		<bndbox>
			<xmin>13</xmin>
			<ymin>28</ymin>
			<xmax>156</xmax>
			<ymax>163</ymax>
		</bndbox>
	</object>
</annotation>
