<annotation>
	<folder>DATASET</folder>
	<filename>75.jpg</filename>
	<path>C:\Users\asus\Desktop\DATASET\75.jpg</path>
	<source>
		<database>Unknown</database>
	</source>
	<size>
		<width>192</width>
		<height>249</height>
		<depth>3</depth>
	</size>
	<segmented>0</segmented>
	<object>
		<name>defected</name>
		<pose>Unspecified</pose>
		<truncated>0</truncated>
		<difficult>0</difficult>
		<bndbox>
			<xmin>16</xmin>
			<ymin>59</ymin>
			<xmax>178</xmax>
			<ymax>192</ymax>
		</bndbox>
	</object>
</annotation>
