<annotation>
	<folder>DATASET</folder>
	<filename>77.jpg</filename>
	<path>C:\Users\asus\Desktop\DATASET\77.jpg</path>
	<source>
		<database>Unknown</database>
	</source>
	<size>
		<width>222</width>
		<height>227</height>
		<depth>3</depth>
	</size>
	<segmented>0</segmented>
	<object>
		<name>defected</name>
		<pose>Unspecified</pose>
		<truncated>0</truncated>
		<difficult>0</difficult>
		<bndbox>
			<xmin>28</xmin>
			<ymin>57</ymin>
			<xmax>194</xmax>
			<ymax>210</ymax>
		</bndbox>
	</object>
</annotation>
