<annotation>
	<folder>DATASET</folder>
	<filename>79.jpg</filename>
	<path>C:\Users\asus\Desktop\DATASET\79.jpg</path>
	<source>
		<database>Unknown</database>
	</source>
	<size>
		<width>347</width>
		<height>145</height>
		<depth>3</depth>
	</size>
	<segmented>0</segmented>
	<object>
		<name>defected</name>
		<pose>Unspecified</pose>
		<truncated>0</truncated>
		<difficult>0</difficult>
		<bndbox>
			<xmin>116</xmin>
			<ymin>39</ymin>
			<xmax>234</xmax>
			<ymax>139</ymax>
		</bndbox>
	</object>
</annotation>
