<annotation>
	<folder>DATASET</folder>
	<filename>8.jpg</filename>
	<path>C:\Users\asus\Desktop\DATASET\8.jpg</path>
	<source>
		<database>Unknown</database>
	</source>
	<size>
		<width>226</width>
		<height>223</height>
		<depth>3</depth>
	</size>
	<segmented>0</segmented>
	<object>
		<name>defected</name>
		<pose>Unspecified</pose>
		<truncated>0</truncated>
		<difficult>0</difficult>
		<bndbox>
			<xmin>67</xmin>
			<ymin>18</ymin>
			<xmax>184</xmax>
			<ymax>142</ymax>
		</bndbox>
	</object>
</annotation>
