<annotation>
	<folder>DATASET</folder>
	<filename>82.jpg</filename>
	<path>C:\Users\asus\Desktop\DATASET\82.jpg</path>
	<source>
		<database>Unknown</database>
	</source>
	<size>
		<width>249</width>
		<height>202</height>
		<depth>3</depth>
	</size>
	<segmented>0</segmented>
	<object>
		<name>defected</name>
		<pose>Unspecified</pose>
		<truncated>0</truncated>
		<difficult>0</difficult>
		<bndbox>
			<xmin>35</xmin>
			<ymin>28</ymin>
			<xmax>209</xmax>
			<ymax>186</ymax>
		</bndbox>
	</object>
</annotation>
