<annotation>
	<folder>DATASET</folder>
	<filename>89.jpg</filename>
	<path>C:\Users\asus\Desktop\DATASET\89.jpg</path>
	<source>
		<database>Unknown</database>
	</source>
	<size>
		<width>225</width>
		<height>225</height>
		<depth>3</depth>
	</size>
	<segmented>0</segmented>
	<object>
		<name>defected</name>
		<pose>Unspecified</pose>
		<truncated>0</truncated>
		<difficult>0</difficult>
		<bndbox>
			<xmin>49</xmin>
			<ymin>61</ymin>
			<xmax>183</xmax>
			<ymax>178</ymax>
		</bndbox>
	</object>
</annotation>
