<annotation>
	<folder>DATASET</folder>
	<filename>9.jpg</filename>
	<path>C:\Users\asus\Desktop\DATASET\9.jpg</path>
	<source>
		<database>Unknown</database>
	</source>
	<size>
		<width>275</width>
		<height>183</height>
		<depth>3</depth>
	</size>
	<segmented>0</segmented>
	<object>
		<name>defected</name>
		<pose>Unspecified</pose>
		<truncated>0</truncated>
		<difficult>0</difficult>
		<bndbox>
			<xmin>84</xmin>
			<ymin>62</ymin>
			<xmax>206</xmax>
			<ymax>162</ymax>
		</bndbox>
	</object>
</annotation>
