<annotation>
	<folder>DATASET</folder>
	<filename>90.jpg</filename>
	<path>C:\Users\asus\Desktop\DATASET\90.jpg</path>
	<source>
		<database>Unknown</database>
	</source>
	<size>
		<width>177</width>
		<height>285</height>
		<depth>3</depth>
	</size>
	<segmented>0</segmented>
	<object>
		<name>defected</name>
		<pose>Unspecified</pose>
		<truncated>0</truncated>
		<difficult>0</difficult>
		<bndbox>
			<xmin>30</xmin>
			<ymin>105</ymin>
			<xmax>146</xmax>
			<ymax>224</ymax>
		</bndbox>
	</object>
</annotation>
