<annotation>
	<folder>DATASET</folder>
	<filename>93.jpg</filename>
	<path>C:\Users\asus\Desktop\DATASET\93.jpg</path>
	<source>
		<database>Unknown</database>
	</source>
	<size>
		<width>259</width>
		<height>194</height>
		<depth>3</depth>
	</size>
	<segmented>0</segmented>
	<object>
		<name>defected</name>
		<pose>Unspecified</pose>
		<truncated>0</truncated>
		<difficult>0</difficult>
		<bndbox>
			<xmin>60</xmin>
			<ymin>41</ymin>
			<xmax>203</xmax>
			<ymax>171</ymax>
		</bndbox>
	</object>
</annotation>
