<annotation>
	<folder>DATASET</folder>
	<filename>96.jpg</filename>
	<path>C:\Users\asus\Desktop\DATASET\96.jpg</path>
	<source>
		<database>Unknown</database>
	</source>
	<size>
		<width>231</width>
		<height>218</height>
		<depth>3</depth>
	</size>
	<segmented>0</segmented>
	<object>
		<name>defected</name>
		<pose>Unspecified</pose>
		<truncated>0</truncated>
		<difficult>0</difficult>
		<bndbox>
			<xmin>41</xmin>
			<ymin>84</ymin>
			<xmax>191</xmax>
			<ymax>202</ymax>
		</bndbox>
	</object>
	<object>
		<name>defected</name>
		<pose>Unspecified</pose>
		<truncated>0</truncated>
		<difficult>0</difficult>
		<bndbox>
			<xmin>13</xmin>
			<ymin>42</ymin>
			<xmax>50</xmax>
			<ymax>75</ymax>
		</bndbox>
	</object>
</annotation>
