<annotation>
	<folder>DATASET</folder>
	<filename>97.jpg</filename>
	<path>C:\Users\asus\Desktop\DATASET\97.jpg</path>
	<source>
		<database>Unknown</database>
	</source>
	<size>
		<width>214</width>
		<height>236</height>
		<depth>3</depth>
	</size>
	<segmented>0</segmented>
	<object>
		<name>defected</name>
		<pose>Unspecified</pose>
		<truncated>0</truncated>
		<difficult>0</difficult>
		<bndbox>
			<xmin>46</xmin>
			<ymin>65</ymin>
			<xmax>199</xmax>
			<ymax>203</ymax>
		</bndbox>
	</object>
</annotation>
