<annotation>
	<folder>DATASET</folder>
	<filename>98.jpg</filename>
	<path>C:\Users\asus\Desktop\DATASET\98.jpg</path>
	<source>
		<database>Unknown</database>
	</source>
	<size>
		<width>257</width>
		<height>196</height>
		<depth>3</depth>
	</size>
	<segmented>0</segmented>
	<object>
		<name>defected</name>
		<pose>Unspecified</pose>
		<truncated>0</truncated>
		<difficult>0</difficult>
		<bndbox>
			<xmin>58</xmin>
			<ymin>36</ymin>
			<xmax>204</xmax>
			<ymax>162</ymax>
		</bndbox>
	</object>
</annotation>
